record_id,author,title_original,title_normalized,cluster,duplicate_of,corpus_scope,date_start,date_end,date_label,date_precision,dating_status,dating_method,source_type,manual_source_1,manual_source_2,evidence_quote_or_summary,review_status,research_note,confidence,verification_status,lookup_status,lookup_note,match_score,source_dataset,source_basis,source_url,evidence_note,audit_note,search_query,timeline_year,timeline_status,timeline_basis,timeline_anchor_start,timeline_anchor_end,timeline_center_year,timeline_offset,timeline_confidence,timeline_note
P001,王维,横吹曲辞 陇头吟,横吹曲辞 陇头吟,豪侠交游类,,唐,720,720,720年,单年系年,exact,chronological_edition,开放知识图谱,,,,auto_only,,中,已匹配且有系年,matched,,0.556,唐宋文学编年地图（古籍文献知识图谱网）,张清华《王维年谱》第27页,https://open.cnkgraph.com/Writing/9320,class='label1' id='8e98a339c6de4750bee167881da5cd6a_label'> — 720年 ，21岁 720年 继与诸王交游，有诗。作品：陇头吟。 出处：张清华《王维年谱》第27页 <div,,王维《陇头吟》,720,observed_exact,date_exact,720,720,720,0,中,采用作品级单年系年。
P002,张易之,横吹曲辞 出塞,横吹曲辞 出塞,豪侠交游类,,唐,,,,未知,undated,unknown,开放知识图谱,,,,auto_only,,低,未匹配,endpoint_error,API request failed: https://open.cnkgraph.com/api/Biography/Poems/%E5%BC%A0%E6%98%93%E4%B9%8B%E3%80%8A%E5%87%BA%E5%A1%9E%E3%80%8B?dynasty=%E5%94%90: Expecting value: line 1 column 1 (char 0),,唐宋文学编年地图（古籍文献知识图谱网）,,https://open.cnkgraph.com/Home/OpenResources,,,,677.5,inferred_lifespan_cluster,lifespan,650,705,677.5,0,低,未定年作品按作者生卒年中点对称展开。
P003,杜甫,横吹曲辞 后出塞五首 四,横吹曲辞 后出塞五首,侠义抒怀类,,唐,755,759,755年；另有乾元秦州说（约759年）,争议范围,disputed,chronological_edition,编年全集,《杜甫全集校注》（人民文学出版社）第636页,https://open.cnkgraph.com/Writing/31503,编年材料主系于755年；钱谦益、朱鹤龄、卢元昌另系于乾元年间秦州时期，约759年。,manual_single_source,现阶段保留两个主要系年，不取平均值。,低,人工复核且有系年,matched,,0.555,唐宋文学编年地图（古籍文献知识图谱网）,人民文学出版社《杜甫全集校注》第636页,https://open.cnkgraph.com/Writing/31503,class='label1' id='815921fb672546d3a60ea36e87324139_label'> — 755年 ，44岁 755年 感安禄山边疆生事、恃宠骄纵，朝廷纵容，有诗以讽。作品：《后出塞五首》 （U157，钱谦益、朱鹤龄、卢元昌认为此诗作于乾元年间在秦州时。） 出处：人民文学出版社《杜甫全集校注》第636页 后出塞五首 （一作横吹曲辞 后出塞五首 一） 其一 （755年） 唐 · 杜甫 引用典故： 封侯 男儿生世间，及壮当 封侯 。 战伐有功业，焉能守 旧丘 。 召募赴蓟门，军动不可留。 千金买马鞭 （一作鞍） ，百金装 刀头 。 闾里送我行，亲戚拥道周。 斑白 居 上列 ，酒酣进 庶羞 。 少年别有赠，含笑看吴钩。 评注 （点击查看或隐藏评注） 其二 （755年） 引用典故： 霍嫖姚 朝进东门营 （一作营门） ，暮上 河阳桥 。 落日 照大旗，马鸣风萧萧。 平沙列万幕，部伍各见招。 中天 悬明月，令严夜寂寥。 悲笳 数声动，壮士惨不骄。 借问 大将 谁 ⑴ ，恐是 霍 嫖姚 。 ⑴ 天宝二年，禄山入朝，进骠骑大将军 评注 （点击查看或隐藏评注） 其三 （755年） 古人重 守边 ，今人 （一作日） 重 高勋 。 岂知英雄主，出师亘 （一作直） 长云。 六合已一家，四夷且孤军。 遂使貔 （一作螭） 虎 （一作武） 士，奋身勇所闻。 拔剑击大荒，日收胡马群。 誓开 玄冥 北，持以奉吾君。 评注 （点击查看或隐藏评注） <div,,杜甫《后出塞五首 四》,757,observed_range_center,date_range_center,755,759,757,0,低,采用作品级系年范围的算术中点。
P004,卢照邻,横吹曲辞 刘生,横吹曲辞 刘生,侠义抒怀类,,唐,,,,未知,undated,unknown,诗人编年资料,任国绪《卢照邻集编年笺注》（黑龙江人民出版社，1989）,https://www.sou-yun.cn/PoemBookNav.aspx?b=&d=56,已检索诗人编年资料与公开诗歌目录，未找到可核验的具体作年。,needs_review,《刘生》题名短且同题乐府较多，需继续核对编年笺注原页及异题。,低,未匹配,endpoint_error,API request failed: https://open.cnkgraph.com/api/Biography/Poems/%E5%8D%A2%E7%85%A7%E9%82%BB%E3%80%8A%E5%88%98%E7%94%9F%E3%80%8B?dynasty=%E5%94%90: Expecting value: line 1 column 1 (char 0),,唐宋文学编年地图（古籍文献知识图谱网）,,https://open.cnkgraph.com/Home/OpenResources,,,,660.5,inferred_activity_cluster,activity_period,652,681,666.5,-6,中,未定年作品按作者活动期中点对称展开。
P005,李白,相和歌辞 猛虎行,相和歌辞 猛虎行,侠义抒怀类,,唐,756,756,756年,单年系年,exact,chronological_edition,开放知识图谱,,,,auto_only,,中,已匹配且有系年,matched,,0.727,唐宋文学编年地图（古籍文献知识图谱网）,吕华明、程安庸、刘金平《李太白年谱补正》第432页,https://open.cnkgraph.com/Writing/26234,class='label1' id='410a11c80bd4406f98aa2a3e765d7e40_label'> — 756年 ，56岁 756年 赴越途中，行至溧阳，与张旭宴别，有诗。作品：《猛虎行》 出处：吕华明、程安庸、刘金平《李太白年谱补正》第432页 <div,,李白《相和歌辞 猛虎行》,756,observed_exact,date_exact,756,756,756,0,中,采用作品级单年系年。
P006,虞世南,相和歌辞 从军行二首 二,相和歌辞 从军行二首,豪侠交游类,,唐,,,,未知,undated,unknown,开放知识图谱,,,,auto_only,,低,未匹配,endpoint_error,API request failed: https://open.cnkgraph.com/api/Biography/Poems/%E8%99%9E%E4%B8%96%E5%8D%97%E3%80%8A%E4%BB%8E%E5%86%9B%E8%A1%8C%E4%BA%8C%E9%A6%96%E3%80%8B?dynasty=%E5%94%90: Expecting value: line 1 column 1 (char 0),,唐宋文学编年地图（古籍文献知识图谱网）,,https://open.cnkgraph.com/Home/OpenResources,,,,608,inferred_activity_cluster,activity_period,578,638,608,0,中,未定年作品按作者活动期中点对称展开。
P007,李益,相和歌辞 从军有苦乐行,相和歌辞 从军有苦乐行,隐逸怀古类,,唐,,,,未知,undated,unknown,诗人年谱与生平考辨,卞孝萱《李益年谱稿》,https://www.newsmth.net/bbsanc.php?path=%2Fgroups%2Fliteral.faq%2FClassicPoem%2Fcp_list_sych%2Fscyj%2F20sjstwdwxyjzs%2FM.1138165318.80,现有李益从军经历系年存在不同意见，公开材料未将本诗稳定系于某年。,needs_review,需核对《李益年谱稿》及《李益生平及诗歌系年诸问题考辨》原文。,低,未匹配,endpoint_error,API request failed: https://open.cnkgraph.com/api/Biography/Poems/%E6%9D%8E%E7%9B%8A%E3%80%8A%E4%BB%8E%E5%86%9B%E6%9C%89%E8%8B%A6%E4%B9%90%E8%A1%8C%E3%80%8B?dynasty=%E5%94%90: Expecting value: line 1 column 1 (char 0),,唐宋文学编年地图（古籍文献知识图谱网）,,https://open.cnkgraph.com/Home/OpenResources,,,,787.5,inferred_lifespan_cluster,lifespan,748,827,787.5,0,低,未定年作品按作者生卒年中点对称展开。
P008,李白,舞曲歌辞 东海有勇妇,舞曲歌辞 东海有勇妇,市井任侠类,,唐,745,745,745年,单年系年,exact,chronological_edition,开放知识图谱,,,,auto_only,,中,已匹配且有系年,matched,,0.660,唐宋文学编年地图（古籍文献知识图谱网）,安旗主编《李白全集编年笺注》第673页,https://open.cnkgraph.com/Writing/25920,class='label1' id='aa9729d49d874ce580503c2020fc52e2_label'> — 745年 ，45岁 745年 在东鲁，见李邕，有诗。作品：《东海有勇妇》 出处：安旗主编《李白全集编年笺注》第673页 <div,,李白《东海有勇妇》,745,observed_exact,date_exact,745,745,745,0,中,采用作品级单年系年。
P009,李白,杂曲歌辞 白马篇,杂曲歌辞 白马篇,侠义抒怀类,,唐,,,,未知,undated,unknown,编年笺注与诗文系年,安旗主编《李白全集编年笺注》,https://www.tdwxxh.cn/newsinfo/4626591.html,编年笺注可覆盖李白多数作品，但当前公开检索未取得《白马篇》的具体系年原页。,needs_review,不采用缺少引文页码的“约731年”网络说法；待查编年笺注。,低,未匹配,endpoint_error,API request failed: https://open.cnkgraph.com/api/Biography/Poems/%E6%9D%8E%E7%99%BD%E3%80%8A%E7%99%BD%E9%A9%AC%E7%AF%87%E3%80%8B?dynasty=%E5%94%90: Expecting value: line 1 column 1 (char 0),,唐宋文学编年地图（古籍文献知识图谱网）,,https://open.cnkgraph.com/Home/OpenResources,,,,730.666667,inferred_activity_cluster,activity_period,715,762,738.5,-7.833333,中,未定年作品按作者活动期中点对称展开。
P010,李颀,杂曲歌辞 缓歌行,杂曲歌辞 缓歌行,隐逸怀古类,,唐,,,,未知,undated,unknown,诗人生平考证,谭优学《李颀行年考》,https://www.sou-yun.cn/PoemBookNav.aspx?b=&d=35,公开诗歌目录及生平考证索引未提供《缓歌行》的可核验作年。,needs_review,待查谭优学、傅璇琮相关考证原文，并核对乐府异题。,低,未匹配,endpoint_error,API request failed: https://open.cnkgraph.com/api/Biography/Poems/%E6%9D%8E%E9%A2%80%E3%80%8A%E7%BC%93%E6%AD%8C%E8%A1%8C%E3%80%8B?dynasty=%E5%94%90: Expecting value: line 1 column 1 (char 0),,唐宋文学编年地图（古籍文献知识图谱网）,,https://open.cnkgraph.com/Home/OpenResources,,,,710.333333,inferred_lifespan_cluster,lifespan,690,751,720.5,-10.166667,低,未定年作品按作者生卒年中点对称展开。
P011,虞羽客,杂曲歌辞 结客少年场行,杂曲歌辞 结客少年场行,边塞报国类,,唐,,,,未知,undated,unknown,开放知识图谱,,,,auto_only,,低,未匹配,endpoint_error,API request failed: https://open.cnkgraph.com/api/Biography/Poems/%E8%99%9E%E7%BE%BD%E5%AE%A2%E3%80%8A%E7%BB%93%E5%AE%A2%E5%B0%91%E5%B9%B4%E5%9C%BA%E8%A1%8C%E3%80%8B?dynasty=%E5%94%90: Expecting value: line 1 column 1 (char 0),,唐宋文学编年地图（古籍文献知识图谱网）,,https://open.cnkgraph.com/Home/OpenResources,,,,,unavailable,,,,,,,
P012,卢照邻,杂曲歌辞 结客少年场行,杂曲歌辞 结客少年场行,边塞报国类,,唐,,,,未知,undated,unknown,诗人编年资料,任国绪《卢照邻集编年笺注》（黑龙江人民出版社，1989）,https://www.sou-yun.cn/PoemBookNav.aspx?b=&d=56,公开诗歌目录收录《结客少年场行》，但未标明具体年份。,needs_review,待核对编年笺注原页；目前不以卢照邻任官阶段代替作年。,低,未匹配,endpoint_error,API request failed: https://open.cnkgraph.com/api/Biography/Poems/%E5%8D%A2%E7%85%A7%E9%82%BB%E3%80%8A%E7%BB%93%E5%AE%A2%E5%B0%91%E5%B9%B4%E5%9C%BA%E8%A1%8C%E3%80%8B?dynasty=%E5%94%90: Expecting value: line 1 column 1 (char 0),,唐宋文学编年地图（古籍文献知识图谱网）,,https://open.cnkgraph.com/Home/OpenResources,,,,672.5,inferred_activity_cluster,activity_period,652,681,666.5,6,中,未定年作品按作者活动期中点对称展开。
P013,李白,杂曲歌辞 少年行三首 三,杂曲歌辞 少年行三首,豪侠交游类,,唐,,,,未知,undated,unknown,编年笺注与诗文系年,安旗主编《李白全集编年笺注》,https://www.tdwxxh.cn/newsinfo/4626591.html,当前公开检索未取得《少年行三首》其三的具体系年依据。,needs_review,需注意组诗各首是否同作一时，并核对詹锳《李白诗文系年》。,低,未匹配,endpoint_error,API request failed: https://open.cnkgraph.com/api/Biography/Poems/%E6%9D%8E%E7%99%BD%E3%80%8A%E5%B0%91%E5%B9%B4%E8%A1%8C%E4%B8%89%E9%A6%96%E3%80%8B?dynasty=%E5%94%90: Expecting value: line 1 column 1 (char 0),,唐宋文学编年地图（古籍文献知识图谱网）,,https://open.cnkgraph.com/Home/OpenResources,,,,746.333333,inferred_activity_cluster,activity_period,715,762,738.5,7.833333,中,未定年作品按作者活动期中点对称展开。
P014,王维,杂曲歌辞 少年行四首 一,杂曲歌辞 少年行四首,隐逸怀古类,,唐,,,,未知,undated,unknown,诗人年谱,张清华《王维年谱》,https://books.google.com/books/about/%E7%8E%8B%E7%BB%B4%E5%B9%B4%E8%B0%B1.html?id=6ZXUAAAAMAAJ,可访问资料仅支持其为王维早期作品的宽泛判断，不能落实到具体年份。,needs_review,待核对陈铁民《王维年谱》与张清华《王维年谱》原页；组诗四首需整体判断。,低,未匹配,endpoint_error,API request failed: https://open.cnkgraph.com/api/Biography/Poems/%E7%8E%8B%E7%BB%B4%E3%80%8A%E5%B0%91%E5%B9%B4%E8%A1%8C%E5%9B%9B%E9%A6%96%E3%80%8B?dynasty=%E5%94%90: Expecting value: line 1 column 1 (char 0),,唐宋文学编年地图（古籍文献知识图谱网）,,https://open.cnkgraph.com/Home/OpenResources,,,,729.666667,inferred_activity_cluster,activity_period,714,761,737.5,-7.833333,中,未定年作品按作者活动期中点对称展开。
P015,王维,杂曲歌辞 少年行四首 三,杂曲歌辞 少年行四首,市井任侠类,,唐,,,,未知,undated,unknown,诗人年谱,张清华《王维年谱》,https://books.google.com/books/about/%E7%8E%8B%E7%BB%B4%E5%B9%B4%E8%B0%B1.html?id=6ZXUAAAAMAAJ,可访问资料仅支持其为王维早期作品的宽泛判断，不能落实到具体年份。,needs_review,与P014同属《少年行四首》，暂不把宽泛的早期标签转换为年份。,低,未匹配,endpoint_error,API request failed: https://open.cnkgraph.com/api/Biography/Poems/%E7%8E%8B%E7%BB%B4%E3%80%8A%E5%B0%91%E5%B9%B4%E8%A1%8C%E5%9B%9B%E9%A6%96%E3%80%8B?dynasty=%E5%94%90: Expecting value: line 1 column 1 (char 0),,唐宋文学编年地图（古籍文献知识图谱网）,,https://open.cnkgraph.com/Home/OpenResources,,,,734.888889,inferred_activity_cluster,activity_period,714,761,737.5,-2.611111,中,未定年作品按作者活动期中点对称展开。
P016,王昌龄,杂曲歌辞 少年行二首 一,杂曲歌辞 少年行二首,侠义抒怀类,,唐,718,718,718年,单年系年,exact,poet_chronology,诗歌编年数据库,https://www.sou-yun.cn/PoemBookNav.aspx?b=&d=22,,诗词检索数据库在王昌龄编年目录中将《少年行二首》其一列于718年。,manual_single_source,公开数据库给出单年，尚待核对其底本或编年文献说明。,低,人工复核且有系年,ambiguous_match,候选作品最高匹配分数为 0.000。,,唐宋文学编年地图（古籍文献知识图谱网）,,https://open.cnkgraph.com/Home/OpenResources,,,,718,observed_exact,date_exact,718,718,718,0,低,采用作品级单年系年。
P017,高适,杂曲歌辞 邯郸少年行,杂曲歌辞 邯郸少年行,隐逸怀古类,,唐,,,,未知,undated,unknown,诗人年谱,孙钦善《高适年谱》,https://ccj.pku.edu.cn/Article/info?aid=271016354,高适年谱研究本身提示不少行迹只能粗略编排；当前未找到《邯郸少年行》的直接系年。,needs_review,与P057为重复作品；待查年谱正文和高适集系年。,低,未匹配,ambiguous_match,候选作品最高匹配分数为 0.000。,,唐宋文学编年地图（古籍文献知识图谱网）,,https://open.cnkgraph.com/Home/OpenResources,,,,733.666667,inferred_activity_cluster,activity_period,719,763,741,-7.333333,中,未定年作品按作者活动期中点对称展开。
P018,崔颢,杂曲歌辞 游侠篇,杂曲歌辞 游侠篇,侠义抒怀类,,唐,,,,未知,undated,unknown,开放知识图谱,,,,auto_only,,低,未匹配,endpoint_error,API request failed: https://open.cnkgraph.com/api/Biography/Poems/%E5%B4%94%E9%A2%A2%E3%80%8A%E6%B8%B8%E4%BE%A0%E7%AF%87%E3%80%8B?dynasty=%E5%94%90: Expecting value: line 1 column 1 (char 0),,唐宋文学编年地图（古籍文献知识图谱网）,,https://open.cnkgraph.com/Home/OpenResources,,,,729,inferred_lifespan_cluster,lifespan,704,754,729,0,低,未定年作品按作者生卒年中点对称展开。
P019,孟郊,杂曲歌辞 游侠行,杂曲歌辞 游侠行,侠义抒怀类,,唐,,,,未知,undated,unknown,开放知识图谱,,,,auto_only,,低,未匹配,endpoint_error,API request failed: https://open.cnkgraph.com/api/Biography/Poems/%E5%AD%9F%E9%83%8A%E3%80%8A%E6%B8%B8%E4%BE%A0%E8%A1%8C%E3%80%8B?dynasty=%E5%94%90: Expecting value: line 1 column 1 (char 0),,唐宋文学编年地图（古籍文献知识图谱网）,,https://open.cnkgraph.com/Home/OpenResources,,,,796.5,inferred_activity_cluster,activity_period,779,814,796.5,0,中,未定年作品按作者活动期中点对称展开。
P020,李白,杂曲歌辞 侠客行,杂曲歌辞 侠客行,市井任侠类,,唐,731,731,731年,单年系年,exact,chronological_edition,开放知识图谱,,,,auto_only,,中,已匹配且有系年,matched,,0.707,唐宋文学编年地图（古籍文献知识图谱网）,安旗主编《李白全集编年笺注》第142页,https://open.cnkgraph.com/Writing/26045,class='label1' id='eda421eb72d54a20843f4f88af62ac68_label'> — 731年 ，31岁 731年 在长安，有诗。作品：《侠客行》 出处：安旗主编《李白全集编年笺注》第142页 <div,,李白《杂曲歌辞 侠客行》,731,observed_exact,date_exact,731,731,731,0,中,采用作品级单年系年。
P021,元稹,杂曲歌辞 侠客行,杂曲歌辞 侠客行,边塞报国类,,唐,,,,未知,undated,unknown,开放知识图谱,,,,auto_only,,低,未匹配,endpoint_error,API request failed: https://open.cnkgraph.com/api/Biography/Poems/%E5%85%83%E7%A8%B9%E3%80%8A%E4%BE%A0%E5%AE%A2%E8%A1%8C%E3%80%8B?dynasty=%E5%94%90: Expecting value: line 1 column 1 (char 0),,唐宋文学编年地图（古籍文献知识图谱网）,,https://open.cnkgraph.com/Home/OpenResources,,,,812.5,inferred_activity_cluster,activity_period,794,831,812.5,0,中,未定年作品按作者活动期中点对称展开。
P022,万楚,杂曲歌辞 茱萸女,杂曲歌辞 茱萸女,豪侠交游类,,唐,,,,未知,undated,unknown,开放知识图谱,,,,auto_only,,低,未匹配,endpoint_error,API request failed: https://open.cnkgraph.com/api/Biography/Poems/%E4%B8%87%E6%A5%9A%E3%80%8A%E8%8C%B1%E8%90%B8%E5%A5%B3%E3%80%8B?dynasty=%E5%94%90: Expecting value: line 1 column 1 (char 0),,唐宋文学编年地图（古籍文献知识图谱网）,,https://open.cnkgraph.com/Home/OpenResources,,,,,unavailable,,,,,,,
P023,虞世南,从军行二首 二,从军行二首,豪侠交游类,P006,唐,,,,未知,undated,unknown,开放知识图谱,,,,auto_only,,低,未匹配,endpoint_error,API request failed: https://open.cnkgraph.com/api/Biography/Poems/%E8%99%9E%E4%B8%96%E5%8D%97%E3%80%8A%E4%BB%8E%E5%86%9B%E8%A1%8C%E4%BA%8C%E9%A6%96%E3%80%8B?dynasty=%E5%94%90: Expecting value: line 1 column 1 (char 0),,唐宋文学编年地图（古籍文献知识图谱网）,,https://open.cnkgraph.com/Home/OpenResources,,,,608,duplicate_inherited,P006,578,638,608,0,中,继承主记录 P006 的展示坐标。
P024,陈子良,游侠篇,游侠篇,隐逸怀古类,,唐,,,,未知,undated,unknown,开放知识图谱,,,,auto_only,,低,未匹配,endpoint_error,API request failed: https://open.cnkgraph.com/api/Biography/Poems/%E9%99%88%E5%AD%90%E8%89%AF%E3%80%8A%E6%B8%B8%E4%BE%A0%E7%AF%87%E3%80%8B?dynasty=%E5%94%90: Expecting value: line 1 column 1 (char 0),,唐宋文学编年地图（古籍文献知识图谱网）,,https://open.cnkgraph.com/Home/OpenResources,,,,,unavailable,,,,,,,
P025,卢照邻,长安古意,长安古意,豪侠交游类,,唐,652,653,652年冬—653年春,跨年范围,range,poet_chronology,诗人年谱,张志烈《初唐四杰年谱》（巴蜀书社，1993）第55—56页,祝尚书《卢照邻集笺注》增订本（上海古籍出版社，2011）卷二第85页,卢照邻652年在长安参选；材料将本诗系于当年冬或次年春。,manual_cross_checked,两个整理来源共同支持跨年范围。,低,人工复核且有系年,matched,,0.653,唐宋文学编年地图（古籍文献知识图谱网）,"张志烈《初唐四杰年谱》,成都巴蜀书社1993年版.55-56",https://open.cnkgraph.com/Writing/11578,"class='label1' id='52598e2b89084622a5dd95008f421e60_label'> — 652年 ，19岁 652年 在长安参选.本年冬或明年春,作《长安古意》诗。 （祝尚书《卢照邻集笺注》增订本上海古籍出版社2011年年版卷2第85页。） 出处：张志烈《初唐四杰年谱》,成都巴蜀书社1993年版.55-56 <div",,卢照邻《长安古意》,652.5,observed_range_center,date_range_center,652,653,652.5,0,低,采用作品级系年范围的算术中点。
P026,杨炯,骢马,骢马,隐逸怀古类,,唐,,,,未知,undated,unknown,初唐四杰年谱,张志烈《初唐四杰年谱》（巴蜀书社，1993）,https://www.sou-yun.cn/PoemBookNav.aspx?b=&d=89,公开目录未给出《骢马》的具体作年。,needs_review,题名短且可能与同题作品混淆，需核对杨炯集编年及正文首句。,低,未匹配,endpoint_error,API request failed: https://open.cnkgraph.com/api/Biography/Poems/%E6%9D%A8%E7%82%AF%E3%80%8A%E9%AA%A2%E9%A9%AC%E3%80%8B?dynasty=%E5%94%90: Expecting value: line 1 column 1 (char 0),,唐宋文学编年地图（古籍文献知识图谱网）,,https://open.cnkgraph.com/Home/OpenResources,,,,674,inferred_activity_cluster,activity_period,667,693,680,-6,中,未定年作品按作者活动期中点对称展开。
P027,杨炯,紫骝马,紫骝马,豪侠交游类,,唐,,,,未知,undated,unknown,初唐四杰年谱,张志烈《初唐四杰年谱》（巴蜀书社，1993）,https://www.sou-yun.cn/PoemBookNav.aspx?b=&d=89,公开目录收录《紫骝马》，但未提供具体年份。,needs_review,目前不以杨炯生平任职年份替代本诗作年。,低,未匹配,endpoint_error,API request failed: https://open.cnkgraph.com/api/Biography/Poems/%E6%9D%A8%E7%82%AF%E3%80%8A%E7%B4%AB%E9%AA%9D%E9%A9%AC%E3%80%8B?dynasty=%E5%94%90: Expecting value: line 1 column 1 (char 0),,唐宋文学编年地图（古籍文献知识图谱网）,,https://open.cnkgraph.com/Home/OpenResources,,,,686,inferred_activity_cluster,activity_period,667,693,680,6,中,未定年作品按作者活动期中点对称展开。
P028,李峤,弹,弹,豪侠交游类,,唐,,,,未知,undated,unknown,诗歌目录与作者索引,https://sou-yun.cn/PoemIndex.aspx?author=15132,https://sou-yun.cn/PoemBookNav.aspx?b=&d=87,题名仅一字，自动检索产生错误候选；作者诗目未给出可核验作年。,needs_review,后续应以首句和《李峤杂咏》组诗关系核对编年资料。,低,未匹配,ambiguous_match,候选作品最高匹配分数为 0.019。,0.019,唐宋文学编年地图（古籍文献知识图谱网）,,https://open.cnkgraph.com/Home/OpenResources,,,李峤《弹》,678.666667,inferred_activity_cluster,activity_period,663,710,686.5,-7.833333,中,未定年作品按作者活动期中点对称展开。
P029,李峤,桂,桂,豪侠交游类,,唐,,,,未知,undated,unknown,诗歌目录与作者索引,https://sou-yun.cn/PoemIndex.aspx?author=15132,https://sou-yun.cn/PoemBookNav.aspx?b=&d=87,题名仅一字，自动检索产生错误候选；作者诗目未给出可核验作年。,needs_review,后续应以首句和咏物组诗关系核对编年资料。,低,未匹配,ambiguous_match,候选作品最高匹配分数为 0.072。,0.072,唐宋文学编年地图（古籍文献知识图谱网）,,https://open.cnkgraph.com/Home/OpenResources,,,李峤《桂》,694.333333,inferred_activity_cluster,activity_period,663,710,686.5,7.833333,中,未定年作品按作者活动期中点对称展开。
P030,郭震,古剑篇,古剑篇,隐逸怀古类,,唐,,,,未知,undated,unknown,开放知识图谱,,,,auto_only,,低,未匹配,endpoint_error,API request failed: https://open.cnkgraph.com/api/Biography/Poems/%E9%83%AD%E9%9C%87%E3%80%8A%E5%8F%A4%E5%89%91%E7%AF%87%E3%80%8B?dynasty=%E5%94%90: Expecting value: line 1 column 1 (char 0),,唐宋文学编年地图（古籍文献知识图谱网）,,https://open.cnkgraph.com/Home/OpenResources,,,,684.5,inferred_lifespan_cluster,lifespan,656,713,684.5,0,低,未定年作品按作者生卒年中点对称展开。
P031,韦元旦,奉和九日幸临渭亭登高应制得月字,奉和九日幸临渭亭登高应制得月字,隐逸怀古类,,唐,,,,未知,undated,unknown,开放知识图谱,,,,auto_only,,低,未匹配,endpoint_error,API request failed: https://open.cnkgraph.com/api/Biography/Poems/%E9%9F%A6%E5%85%83%E6%97%A6%E3%80%8A%E5%A5%89%E5%92%8C%E4%B9%9D%E6%97%A5%E5%B9%B8%E4%B8%B4%E6%B8%AD%E4%BA%AD%E7%99%BB%E9%AB%98%E5%BA%94%E5%88%B6%E5%BE%97%E6%9C%88%E5%AD%97%E3%80%8B?dynasty=%E5%94%90: Expecting value: line 1 column 1 (char 0),,唐宋文学编年地图（古籍文献知识图谱网）,,https://open.cnkgraph.com/Home/OpenResources,,,,,unavailable,,,,,,,
P032,蔡孚,打毬篇,打毬篇,侠义抒怀类,,唐,,,,未知,undated,unknown,开放知识图谱,,,,auto_only,,低,未匹配,endpoint_error,API request failed: https://open.cnkgraph.com/api/Biography/Poems/%E8%94%A1%E5%AD%9A%E3%80%8A%E6%89%93%E6%AF%AC%E7%AF%87%E3%80%8B?dynasty=%E5%94%90: Expecting value: line 1 column 1 (char 0),,唐宋文学编年地图（古籍文献知识图谱网）,,https://open.cnkgraph.com/Home/OpenResources,,,,,unavailable,,,,,,,
P033,骆宾王,帝京篇,帝京篇,豪侠交游类,,唐,676,676,676年五月,单年系年,exact,chronological_edition,开放知识图谱,,,,auto_only,,中,已匹配且有系年,matched,,0.719,唐宋文学编年地图（古籍文献知识图谱网）,"张志烈《初唐四杰年谱》,成都巴蜀书社1993年版.第190页、张志烈《初唐四杰年谱》,成都巴蜀书社1993年版.28；190",https://open.cnkgraph.com/Writing/42176,"class='label1' id='35975a75feb24f90982fb4b6f38af2f5_label'> — 676年 ，42岁 ▪ 为明堂主簿.有《帝京篇》,献裴行俭。 （陈熙晋《骆临海集笺注》上海古籍出版社1985年版卷1第6页。） 《上吏部侍郎帝京篇启》 （陈熙晋《骆临海集笺注》上海古籍出版社1985年版卷1第1页。张谱作""京兆府明堂县"",今据谭图改""长安""） 出处：张志烈《初唐四杰年谱》,成都巴蜀书社1993年版.第190页、张志烈《初唐四杰年谱》,成都巴蜀书社1993年版.28；190 <div",,骆宾王《帝京篇》,676,observed_exact,date_exact,676,676,676,0,中,采用作品级单年系年。
P034,骆宾王,畴昔篇,畴昔篇,侠义抒怀类,,唐,679,679,679年七月,单年系年,exact,chronological_edition,开放知识图谱,,,,auto_only,,中,已匹配且有系年,matched,,0.666,唐宋文学编年地图（古籍文献知识图谱网）,"张志烈《初唐四杰年谱》,成都巴蜀书社1993年版.第205页",https://open.cnkgraph.com/Writing/42181,"class='label1' id='2368641d3fdf48799d12a14a3d25be63_label'> — 679年 ，45岁 679年七月 遇赦出狱.作《畴昔篇》 （陈熙晋《骆临海集笺注》上海古籍出版社1985年版卷5第161页。） 出处：张志烈《初唐四杰年谱》,成都巴蜀书社1993年版.第205页 <div",,骆宾王《畴昔篇》,679,observed_exact,date_exact,679,679,679,0,中,采用作品级单年系年。
P035,骆宾王,代女道士王灵妃赠道士李荣,代女道士王灵妃赠道士李荣,豪侠交游类,,唐,673,673,673年,单年系年,exact,poet_chronology,诗歌编年数据库,https://sou-yun.cn/Query.aspx?id=42169&type=poem1,,诗词检索数据库将《代女道士王灵妃赠道士李荣》系于673年，并标示地点为成都。,manual_single_source,公开数据库给出单年与地点，尚待核对骆宾王集编年底本。,低,人工复核且有系年,endpoint_error,API request failed: https://open.cnkgraph.com/api/Biography/Poems/%E9%AA%86%E5%AE%BE%E7%8E%8B%E3%80%8A%E4%BB%A3%E5%A5%B3%E9%81%93%E5%A3%AB%E7%8E%8B%E7%81%B5%E5%A6%83%E8%B5%A0%E9%81%93%E5%A3%AB%E6%9D%8E%E8%8D%A3%E3%80%8B?dynasty=%E5%94%90: Expecting value: line 1 column 1 (char 0),,唐宋文学编年地图（古籍文献知识图谱网）,,https://open.cnkgraph.com/Home/OpenResources,,,,673,observed_exact,date_exact,673,673,673,0,低,采用作品级单年系年。
P036,骆宾王,送郑少府入辽共赋侠客远从戎,送郑少府入辽共赋侠客远从戎,豪侠交游类,,唐,,,,未知,undated,unknown,历史事件背景与诗歌条目,https://m.gushiwen.cn/shiwenv_aa668a7e5213.aspx,https://m.thepaper.cn/newsDetail_forward_12157730,资料只将作品置于唐高宗时期辽东战事背景，尚不足以确定某次出征或具体年份。,needs_review,不能仅凭“高宗时期”或666—668年对高句丽战争直接定年；需查骆宾王年谱。,低,未匹配,endpoint_error,API request failed: https://open.cnkgraph.com/api/Biography/Poems/%E9%AA%86%E5%AE%BE%E7%8E%8B%E3%80%8A%E9%80%81%E9%83%91%E5%B0%91%E5%BA%9C%E5%85%A5%E8%BE%BD%E5%85%B1%E8%B5%8B%E4%BE%A0%E5%AE%A2%E8%BF%9C%E4%BB%8E%E6%88%8E%E3%80%8B?dynasty=%E5%94%90: Expecting value: line 1 column 1 (char 0),,唐宋文学编年地图（古籍文献知识图谱网）,,https://open.cnkgraph.com/Home/OpenResources,,,,662.5,inferred_activity_cluster,activity_period,641,684,662.5,0,中,未定年作品按作者活动期中点对称展开。
P037,张易之,出塞,出塞,豪侠交游类,P002,唐,,,,未知,undated,unknown,开放知识图谱,,,,auto_only,,低,未匹配,endpoint_error,API request failed: https://open.cnkgraph.com/api/Biography/Poems/%E5%BC%A0%E6%98%93%E4%B9%8B%E3%80%8A%E5%87%BA%E5%A1%9E%E3%80%8B?dynasty=%E5%94%90: Expecting value: line 1 column 1 (char 0),,唐宋文学编年地图（古籍文献知识图谱网）,,https://open.cnkgraph.com/Home/OpenResources,,,,677.5,duplicate_inherited,P002,650,705,677.5,0,低,继承主记录 P002 的展示坐标。
P038,张说,江路忆郡,江路忆郡,隐逸怀古类,,唐,694,694,694年,单年系年,exact,chronological_edition,开放知识图谱,,,,auto_only,,中,已匹配且有系年,matched,,0.667,唐宋文学编年地图（古籍文献知识图谱网）,熊飞《张说年谱新编》，花木兰文化出版社，2012年版第24页,https://open.cnkgraph.com/Writing/24113,class='label1' id='232adbdb33894228a470c052b3a07008_label'> — 694年 ，28岁 694年 使蜀途中沿长江而下江中作诗。作品：《江路忆郡》 （陈祖言《张说年谱》系天册万岁元年（695）） 出处：熊飞《张说年谱新编》，花木兰文化出版社，2012年版第24页 <div,,张说《江路忆郡》,694,observed_exact,date_exact,694,694,694,0,中,采用作品级单年系年。
P039,张柬之,出塞,出塞,豪侠交游类,,唐,,,,未知,undated,unknown,开放知识图谱,,,,auto_only,,低,未匹配,endpoint_error,API request failed: https://open.cnkgraph.com/api/Biography/Poems/%E5%BC%A0%E6%9F%AC%E4%B9%8B%E3%80%8A%E5%87%BA%E5%A1%9E%E3%80%8B?dynasty=%E5%94%90: Expecting value: line 1 column 1 (char 0),,唐宋文学编年地图（古籍文献知识图谱网）,,https://open.cnkgraph.com/Home/OpenResources,,,,665.5,inferred_lifespan_cluster,lifespan,625,706,665.5,0,低,未定年作品按作者生卒年中点对称展开。
P040,贺朝,从军行,从军行,边塞报国类,,唐,,,,未知,undated,unknown,开放知识图谱,,,,auto_only,,低,未匹配,endpoint_error,API request failed: https://open.cnkgraph.com/api/Biography/Poems/%E8%B4%BA%E6%9C%9D%E3%80%8A%E4%BB%8E%E5%86%9B%E8%A1%8C%E3%80%8B?dynasty=%E5%94%90: Expecting value: line 1 column 1 (char 0),,唐宋文学编年地图（古籍文献知识图谱网）,,https://open.cnkgraph.com/Home/OpenResources,,,,,unavailable,,,,,,,
P041,王维,送高适弟耽归临淮作,送高适弟耽归临淮作,隐逸怀古类,,唐,,,,未知,undated,unknown,诗人年谱,张清华《王维年谱》,https://books.google.com/books/about/%E7%8E%8B%E7%BB%B4%E5%B9%B4%E8%B0%B1.html?id=6ZXUAAAAMAAJ,作品涉及高适之弟高耽，但当前未找到可把该人物事件落实到具体年份的可靠资料。,needs_review,待结合高耽生平、王维交游及两家年谱交叉核对。,低,未匹配,endpoint_error,API request failed: https://open.cnkgraph.com/api/Biography/Poems/%E7%8E%8B%E7%BB%B4%E3%80%8A%E9%80%81%E9%AB%98%E9%80%82%E5%BC%9F%E8%80%BD%E5%BD%92%E4%B8%B4%E6%B7%AE%E4%BD%9C%E3%80%8B?dynasty=%E5%94%90: Expecting value: line 1 column 1 (char 0),,唐宋文学编年地图（古籍文献知识图谱网）,,https://open.cnkgraph.com/Home/OpenResources,,,,740.111111,inferred_activity_cluster,activity_period,714,761,737.5,2.611111,中,未定年作品按作者活动期中点对称展开。
P042,王维,济上四贤咏 崔录事,济上四贤咏 崔录事,侠义抒怀类,,唐,722,722,722年,单年系年,exact,chronological_edition,开放知识图谱,,,,auto_only,,中,已匹配且有系年,matched,,0.720,唐宋文学编年地图（古籍文献知识图谱网）,张清华《王维年谱》第35页,https://open.cnkgraph.com/Writing/9165,class='label1' id='b147f069a567473ab40cd9a3d56802c9_label'> — 722年 ，23岁 722年 贬济州，游齐、鲁、冀一带，与道士、隐者、贤者交往，有诗。作品：济上四贤咏三首。 出处：张清华《王维年谱》第35页 <div,,王维《济上四贤咏 崔录事》,722,observed_exact,date_exact,722,722,722,0,中,采用作品级单年系年。
P043,王维,济上四贤咏 成文学,济上四贤咏 成文学,隐逸怀古类,,唐,722,722,722年,单年系年,exact,chronological_edition,开放知识图谱,,,,auto_only,,中,已匹配且有系年,matched,,0.676,唐宋文学编年地图（古籍文献知识图谱网）,张清华《王维年谱》第35页,https://open.cnkgraph.com/Writing/9164,class='label1' id='24bd901766de401b9ad52def88e5f691_label'> — 722年 ，23岁 722年 贬济州，游齐、鲁、冀一带，与道士、隐者、贤者交往，有诗。作品：济上四贤咏三首。 出处：张清华《王维年谱》第35页 济上四贤咏 （三首，济州官舍作。） 其一 崔录事 （722年） 盛唐 · 王维 五言律诗 引用典故： 东山 解印归田里，贤哉此丈夫。 少年曾任侠，晚节更为儒。 遁迹 （一作世） 东山 下，因家沧海隅。 已闻能狎鸟，余欲共 乘桴 。 <div,,王维《济上四贤咏 成文学》,722,observed_exact,date_exact,722,722,722,0,中,采用作品级单年系年。
P044,王维,陇头吟,陇头吟,豪侠交游类,P001,唐,720,720,720年,单年系年,exact,chronological_edition,开放知识图谱,,,,auto_only,,中,已匹配且有系年,matched,,0.593,唐宋文学编年地图（古籍文献知识图谱网）,张清华《王维年谱》第27页,https://open.cnkgraph.com/Writing/9320,class='label1' id='5f686941b22b406fa1dc9954eceadde4_label'> — 720年 ，21岁 720年 继与诸王交游，有诗。作品：陇头吟。 出处：张清华《王维年谱》第27页 <div,,王维《陇头吟》,720,duplicate_inherited,P001,720,720,720,0,中,继承主记录 P001 的展示坐标。
P045,王维,燕支行,燕支行,边塞报国类,,唐,720,720,720年,单年系年,exact,chronological_edition,开放知识图谱,,,,auto_only,,中,已匹配且有系年,matched,,0.675,唐宋文学编年地图（古籍文献知识图谱网）,张清华《王维年谱》第27页,https://open.cnkgraph.com/Writing/9407,class='label1' id='afb74eb1934a4d838f2d09822054dfd3_label'> — 720年 ，21岁 720年 继与诸王交游，有诗。作品：燕支行。 出处：张清华《王维年谱》第27页 <div,,王维《燕支行》,720,observed_exact,date_exact,720,720,720,0,中,采用作品级单年系年。
P046,王维,故人张諲工诗善易卜兼能丹青草隶顷以诗见赠聊获酬之,故人张諲工诗善易卜兼能丹青草隶顷以诗见赠聊获酬之,隐逸怀古类,,唐,754,754,754年,单年系年,exact,chronological_edition,开放知识图谱,,,,auto_only,,中,已匹配且有系年,matched,,0.630,唐宋文学编年地图（古籍文献知识图谱网）,张清华《王维年谱》第117页,https://open.cnkgraph.com/Writing/9339,class='label1' id='435d722ab3e9439c93283c1ffa490e56_label'> — 754年 ，55岁 754年 与张諲赠诗酬答。作品：故人张諲工诗善易卜兼能丹青草隶顷以诗见赠聊获酬之。 出处：张清华《王维年谱》第117页 <div,,王维《故人张諲工诗善易卜兼能丹青草隶顷以诗见赠聊获酬之》,754,observed_exact,date_exact,754,754,754,0,中,采用作品级单年系年。
P047,王维,榆林郡歌,榆林郡歌,隐逸怀古类,,唐,745,745,745年,单年系年,exact,chronological_edition,开放知识图谱,,,,auto_only,,中,已匹配且有系年,matched,,0.728,唐宋文学编年地图（古籍文献知识图谱网）,张清华《王维年谱》97-99,https://open.cnkgraph.com/Writing/9401,class='label1' id='be3adfb6e8894a28ae7d652c0f133bfc_label'> — 745年 ，46岁 745年 出使榆林，有诗。作品：榆林郡歌。 出处：张清华《王维年谱》97-99 <div,,王维《榆林郡歌》,745,observed_exact,date_exact,745,745,745,0,中,采用作品级单年系年。
P048,王维,同比部杨员外十五夜游有怀静者季,同比部杨员外十五夜游有怀静者季,侠义抒怀类,,唐,,,,未知,undated,unknown,诗人年谱,张清华《王维年谱》,https://books.google.com/books/about/%E7%8E%8B%E7%BB%B4%E5%B9%B4%E8%B0%B1.html?id=6ZXUAAAAMAAJ,当前未找到“比部杨员外”任职与十五夜事件的可靠具体年份。,needs_review,待查题中人物身份、任官表及王维年谱原页。,低,未匹配,endpoint_error,API request failed: https://open.cnkgraph.com/api/Biography/Poems/%E7%8E%8B%E7%BB%B4%E3%80%8A%E5%90%8C%E6%AF%94%E9%83%A8%E6%9D%A8%E5%91%98%E5%A4%96%E5%8D%81%E4%BA%94%E5%A4%9C%E6%B8%B8%E6%9C%89%E6%80%80%E9%9D%99%E8%80%85%E5%AD%A3%E3%80%8B?dynasty=%E5%94%90: Expecting value: line 1 column 1 (char 0),,唐宋文学编年地图（古籍文献知识图谱网）,,https://open.cnkgraph.com/Home/OpenResources,,,,745.333333,inferred_activity_cluster,activity_period,714,761,737.5,7.833333,中,未定年作品按作者活动期中点对称展开。
P049,李颀,古意,古意,侠义抒怀类,,唐,,,,未知,undated,unknown,诗人生平考证,谭优学《李颀行年考》,https://www.sou-yun.cn/PoemBookNav.aspx?b=&d=35,《古意》题名通用且公开目录未标年，无法排除同题误配。,needs_review,后续应以首句“男儿事长征”核对傅璇琮《李颀考》与李颀集。,低,未匹配,endpoint_error,API request failed: https://open.cnkgraph.com/api/Biography/Poems/%E6%9D%8E%E9%A2%80%E3%80%8A%E5%8F%A4%E6%84%8F%E3%80%8B?dynasty=%E5%94%90: Expecting value: line 1 column 1 (char 0),,唐宋文学编年地图（古籍文献知识图谱网）,,https://open.cnkgraph.com/Home/OpenResources,,,,730.666667,inferred_lifespan_cluster,lifespan,690,751,720.5,10.166667,低,未定年作品按作者生卒年中点对称展开。
P050,王昌龄,塞下曲四首 一,塞下曲四首,隐逸怀古类,,唐,725,725,725年,单年系年,exact,poet_chronology,诗歌编年数据库,https://www.sou-yun.cn/PoemBookNav.aspx?b=&d=22,,诗词检索数据库在王昌龄编年目录中将《塞下曲四首》其一列于725年。,manual_single_source,公开数据库给出单年，尚待核对其底本；组诗各首是否同年亦需说明。,低,人工复核且有系年,ambiguous_match,候选作品最高匹配分数为 0.000。,,唐宋文学编年地图（古籍文献知识图谱网）,,https://open.cnkgraph.com/Home/OpenResources,,,,725,observed_exact,date_exact,725,725,725,0,低,采用作品级单年系年。
P051,孟浩然,醉后赠马四,醉后赠马四,豪侠交游类,,唐,,,,未知,undated,unknown,开放知识图谱,,,,auto_only,,低,未匹配,endpoint_error,API request failed: https://open.cnkgraph.com/api/Biography/Poems/%E5%AD%9F%E6%B5%A9%E7%84%B6%E3%80%8A%E9%86%89%E5%90%8E%E8%B5%A0%E9%A9%AC%E5%9B%9B%E3%80%8B?dynasty=%E5%94%90: Expecting value: line 1 column 1 (char 0),,唐宋文学编年地图（古籍文献知识图谱网）,,https://open.cnkgraph.com/Home/OpenResources,,,,722.5,inferred_activity_cluster,activity_period,708,737,722.5,0,中,未定年作品按作者活动期中点对称展开。
P052,孟浩然,同储十二洛阳道中作,同储十二洛阳道中作,隐逸怀古类,,唐,729,729,729年二月,单年系年,exact,chronological_edition,开放知识图谱,,,,auto_only,,中,已匹配且有系年,matched,,0.665,唐宋文学编年地图（古籍文献知识图谱网）,刘文刚《孟浩然年谱》,https://open.cnkgraph.com/Writing/36315,class='label1' id='967caca9c1bc4baa84887a96adf6fbd7_label'> — 729年 ，41岁 729年二月 逗留洛阳，有和储光羲诗。作品：《同储十二洛阳道中作》 出处：刘文刚《孟浩然年谱》 <div,,孟浩然《同储十二洛阳道中作》,729,observed_exact,date_exact,729,729,729,0,中,采用作品级单年系年。
P053,李白,行行游且猎篇,行行游且猎篇,隐逸怀古类,,唐,752,752,752年,单年系年,exact,chronological_edition,开放知识图谱,,,,auto_only,,中,已匹配且有系年,matched,,0.636,唐宋文学编年地图（古籍文献知识图谱网）,安旗主编《李白全集编年笺注》第937页,https://open.cnkgraph.com/Writing/26086,class='label1' id='e8bde5d070e242b68c0df6dadbf10268_label'> — 752年 ，52岁 752年 在幽州，有诗。作品：《行行且游猎篇》 出处：安旗主编《李白全集编年笺注》第937页 <div,,李白《行行游且猎篇》,752,observed_exact,date_exact,752,752,752,0,中,采用作品级单年系年。
P054,李白,东海有勇妇,东海有勇妇,市井任侠类,P008,唐,745,745,745年,单年系年,exact,chronological_edition,开放知识图谱,,,,auto_only,,中,已匹配且有系年,matched,,0.704,唐宋文学编年地图（古籍文献知识图谱网）,安旗主编《李白全集编年笺注》第673页,https://open.cnkgraph.com/Writing/25920,class='label1' id='ffb6089bf7514ce093f32fd466218a9b_label'> — 745年 ，45岁 745年 在东鲁，见李邕，有诗。作品：《东海有勇妇》 出处：安旗主编《李白全集编年笺注》第673页 <div,,李白《东海有勇妇》,745,duplicate_inherited,P008,745,745,745,0,中,继承主记录 P008 的展示坐标。
P055,李白,白马篇,白马篇,侠义抒怀类,P009,唐,,,,未知,undated,unknown,开放知识图谱,,,,auto_only,,低,未匹配,endpoint_error,API request failed: https://open.cnkgraph.com/api/Biography/Poems/%E6%9D%8E%E7%99%BD%E3%80%8A%E7%99%BD%E9%A9%AC%E7%AF%87%E3%80%8B?dynasty=%E5%94%90: Expecting value: line 1 column 1 (char 0),,唐宋文学编年地图（古籍文献知识图谱网）,,https://open.cnkgraph.com/Home/OpenResources,,,,730.666667,duplicate_inherited,P009,715,762,738.5,-7.833333,中,继承主记录 P009 的展示坐标。
P056,高适,古大梁行,古大梁行,豪侠交游类,,唐,,,,未知,undated,unknown,诗人年谱,孙钦善《高适年谱》,https://ccj.pku.edu.cn/Article/info?aid=271016354,网络材料常把《古大梁行》联系到高适早期宋中漫游，但未取得直接系年页码。,needs_review,不采用未经原文核验的744—747年范围；待查年谱正文。,低,未匹配,ambiguous_match,候选作品最高匹配分数为 0.000。,,唐宋文学编年地图（古籍文献知识图谱网）,,https://open.cnkgraph.com/Home/OpenResources,,,,748.333333,inferred_activity_cluster,activity_period,719,763,741,7.333333,中,未定年作品按作者活动期中点对称展开。
P057,高适,邯郸少年行,邯郸少年行,隐逸怀古类,P017,唐,,,,未知,undated,unknown,开放知识图谱,,,,auto_only,,低,未匹配,ambiguous_match,候选作品最高匹配分数为 0.000。,,唐宋文学编年地图（古籍文献知识图谱网）,,https://open.cnkgraph.com/Home/OpenResources,,,,733.666667,duplicate_inherited,P017,719,763,741,-7.333333,中,继承主记录 P017 的展示坐标。
P058,高适,送浑将军出塞,送浑将军出塞,边塞报国类,,唐,754,754,754年,单年系年,exact,poet_chronology,诗歌鉴赏资料,https://www.gushiwen.cn/shiwenv_0969132b962a.aspx,周啸天等《唐诗鉴赏辞典补编》（四川文艺出版社，1990）第203—205页,公开作品页将《送浑将军出塞》系于754年，并列出两种纸本鉴赏资料作为参考。,manual_single_source,年份目前通过公开页面转引，需核对所列纸本原页后再提高置信度。,低,人工复核且有系年,ambiguous_match,候选作品最高匹配分数为 0.000。,,唐宋文学编年地图（古籍文献知识图谱网）,,https://open.cnkgraph.com/Home/OpenResources,,,,754,observed_exact,date_exact,754,754,754,0,低,采用作品级单年系年。
P059,杜甫,后出塞五首 四,后出塞五首,侠义抒怀类,P003,唐,755,755,755年,单年系年,exact,chronological_edition,开放知识图谱,,,,auto_only,,低,已匹配且有系年,matched,,0.619,唐宋文学编年地图（古籍文献知识图谱网）,人民文学出版社《杜甫全集校注》第636页,https://open.cnkgraph.com/Writing/31503,class='label1' id='f650c522eabe470c9369fa2a4d4e9387_label'> — 755年 ，44岁 755年 感安禄山边疆生事、恃宠骄纵，朝廷纵容，有诗以讽。作品：《后出塞五首》 （U157，钱谦益、朱鹤龄、卢元昌认为此诗作于乾元年间在秦州时。） 出处：人民文学出版社《杜甫全集校注》第636页 后出塞五首 （一作横吹曲辞 后出塞五首 一） 其一 （755年） 唐 · 杜甫 引用典故： 封侯 男儿生世间，及壮当 封侯 。 战伐有功业，焉能守 旧丘 。 召募赴蓟门，军动不可留。 千金买马鞭 （一作鞍） ，百金装 刀头 。 闾里送我行，亲戚拥道周。 斑白 居 上列 ，酒酣进 庶羞 。 少年别有赠，含笑看吴钩。 评注 （点击查看或隐藏评注） 其二 （755年） 引用典故： 霍嫖姚 朝进东门营 （一作营门） ，暮上 河阳桥 。 落日 照大旗，马鸣风萧萧。 平沙列万幕，部伍各见招。 中天 悬明月，令严夜寂寥。 悲笳 数声动，壮士惨不骄。 借问 大将 谁 ⑴ ，恐是 霍 嫖姚 。 ⑴ 天宝二年，禄山入朝，进骠骑大将军 评注 （点击查看或隐藏评注） 其三 （755年） 古人重 守边 ，今人 （一作日） 重 高勋 。 岂知英雄主，出师亘 （一作直） 长云。 六合已一家，四夷且孤军。 遂使貔 （一作螭） 虎 （一作武） 士，奋身勇所闻。 拔剑击大荒，日收胡马群。 誓开 玄冥 北，持以奉吾君。 评注 （点击查看或隐藏评注） <div,,杜甫《后出塞五首 四》,757,duplicate_inherited,P003,755,759,757,0,低,继承主记录 P003 的展示坐标。
P060,杜甫,鹿头山,鹿头山,侠义抒怀类,,唐,759,759,759年,单年系年,exact,chronological_edition,开放知识图谱,,,,auto_only,,中,已匹配且有系年,matched,,0.696,唐宋文学编年地图（古籍文献知识图谱网）,人民文学出版社《杜甫全集校注》第1885页,https://open.cnkgraph.com/Writing/31771,class='label1' id='140f143b73204897b975a6954e0b33d0_label'> — 759年 ，48岁 759年 初至蜀地有喜，思蜀中古迹，幸抚蜀得人，作是诗。作品：《鹿头山》 出处：人民文学出版社《杜甫全集校注》第1885页 <div,,杜甫《鹿头山》,759,observed_exact,date_exact,759,759,759,0,中,采用作品级单年系年。
P061,杜甫,七月三日亭午已后较热退晚加小凉稳睡有诗因论壮年乐事戏呈元二十一曹长,七月三日亭午已后较热退晚加小凉稳睡有诗因论壮年乐事戏呈元二十一曹长,隐逸怀古类,,唐,766,766,766年七月三日,单年系年,exact,chronological_edition,开放知识图谱,,,,auto_only,,中,已匹配且有系年,matched,,0.709,唐宋文学编年地图（古籍文献知识图谱网）,人民文学出版社《杜甫全集校注》第3633页,https://open.cnkgraph.com/Writing/31399,"class='label1' id='407df66e2b234671809effd908c7fc4f_label'> — 766年 ，55岁 766年七月三日 元二十一，即元持，居夔州山阁学修炼之术，杜甫以诗戏之。作品：《七月三日亭午已后，校热退,晚加小凉，稳睡有诗，因论壮年乐事，戏呈元二十一曹长》 出处：人民文学出版社《杜甫全集校注》第3633页 <div",,杜甫《七月三日亭午已后较热退晚加小凉稳睡有诗因论壮年乐事戏呈元二十一曹长》,766,observed_exact,date_exact,766,766,766,0,中,采用作品级单年系年。
P062,杜甫,赠苏四徯,赠苏四徯,侠义抒怀类,,唐,766,769,766、767或769年,争议范围,disputed,chronological_edition,编年全集,《杜甫全集校注》（人民文学出版社）第4758页,https://open.cnkgraph.com/Writing/31848,编年条目列767年；黄鹤系于766年，梁权道系于769年。,manual_single_source,保留三种系年异说，等待进一步核对各家原始编年依据。,低,人工复核且有系年,matched,,0.711,唐宋文学编年地图（古籍文献知识图谱网）,人民文学出版社《杜甫全集校注》第4758页,https://open.cnkgraph.com/Writing/31848,class='label1' id='1dbba746b6dd47139afca8674aceb7c1_label'> — 767年 ，56岁 767年 苏徯自蜀赴湖南，杜甫复赠以诗。作品：《赠苏四徯》 （F923，黄鹤认为此诗作于大历元年丙午（公元766年）；梁权道将此诗编在大历三年戊申（公元769年）。） 出处：人民文学出版社《杜甫全集校注》第4758页 <div,,杜甫《赠苏四徯》,767.5,observed_range_center,date_range_center,766,769,767.5,0,低,采用作品级系年范围的算术中点。
P063,钱起,逢侠者,逢侠者,侠义抒怀类,,唐,,,,未知,undated,unknown,开放知识图谱,,,,auto_only,,低,未匹配,endpoint_error,API request failed: https://open.cnkgraph.com/api/Biography/Poems/%E9%92%B1%E8%B5%B7%E3%80%8A%E9%80%A2%E4%BE%A0%E8%80%85%E3%80%8B?dynasty=%E5%94%90: Expecting value: line 1 column 1 (char 0),,唐宋文学编年地图（古籍文献知识图谱网）,,https://open.cnkgraph.com/Home/OpenResources,,,,759,inferred_activity_cluster,activity_period,738,780,759,0,中,未定年作品按作者活动期中点对称展开。
P064,韩翃,赠张建,赠张建,侠义抒怀类,,唐,,,,未知,undated,unknown,开放知识图谱,,,,auto_only,,低,未匹配,endpoint_error,API request failed: https://open.cnkgraph.com/api/Biography/Poems/%E9%9F%A9%E7%BF%83%E3%80%8A%E8%B5%A0%E5%BC%A0%E5%BB%BA%E3%80%8B?dynasty=%E5%94%90: Expecting value: line 1 column 1 (char 0),,唐宋文学编年地图（古籍文献知识图谱网）,,https://open.cnkgraph.com/Home/OpenResources,,,,753.5,inferred_lifespan_cluster,lifespan,719,788,753.5,0,低,未定年作品按作者生卒年中点对称展开。
P065,顾况,赠别崔十三长官,赠别崔十三长官,侠义抒怀类,,唐,,,,未知,undated,unknown,开放知识图谱,,,,auto_only,,低,未匹配,endpoint_error,API request failed: https://open.cnkgraph.com/api/Biography/Poems/%E9%A1%BE%E5%86%B5%E3%80%8A%E8%B5%A0%E5%88%AB%E5%B4%94%E5%8D%81%E4%B8%89%E9%95%BF%E5%AE%98%E3%80%8B?dynasty=%E5%94%90: Expecting value: line 1 column 1 (char 0),,唐宋文学编年地图（古籍文献知识图谱网）,,https://open.cnkgraph.com/Home/OpenResources,,,,769.5,inferred_lifespan_cluster,lifespan,725,814,769.5,0,低,未定年作品按作者生卒年中点对称展开。
P066,耿𣲗,酬张少尹秋日凤翔西郊见寄,酬张少尹秋日凤翔西郊见寄,侠义抒怀类,,唐,,,,未知,undated,unknown,开放知识图谱,,,,auto_only,,低,未匹配,endpoint_error,API request failed: https://open.cnkgraph.com/api/Biography/Poems/%E8%80%BF%F0%A3%B2%97%E3%80%8A%E9%85%AC%E5%BC%A0%E5%B0%91%E5%B0%B9%E7%A7%8B%E6%97%A5%E5%87%A4%E7%BF%94%E8%A5%BF%E9%83%8A%E8%A7%81%E5%AF%84%E3%80%8B?dynasty=%E5%94%90: Expecting value: line 1 column 1 (char 0),,唐宋文学编年地图（古籍文献知识图谱网）,,https://open.cnkgraph.com/Home/OpenResources,,,,,unavailable,,,,,,,
P067,戎昱,出军,出军,隐逸怀古类,,唐,,,,未知,undated,unknown,开放知识图谱,,,,auto_only,,低,未匹配,endpoint_error,API request failed: https://open.cnkgraph.com/api/Biography/Poems/%E6%88%8E%E6%98%B1%E3%80%8A%E5%87%BA%E5%86%9B%E3%80%8B?dynasty=%E5%94%90: Expecting value: line 1 column 1 (char 0),,唐宋文学编年地图（古籍文献知识图谱网）,,https://open.cnkgraph.com/Home/OpenResources,,,,772,inferred_lifespan_cluster,lifespan,744,800,772,0,低,未定年作品按作者生卒年中点对称展开。
P068,戴叔伦,边城曲,边城曲,侠义抒怀类,,唐,,,,未知,undated,unknown,开放知识图谱,,,,auto_only,,低,未匹配,endpoint_error,API request failed: https://open.cnkgraph.com/api/Biography/Poems/%E6%88%B4%E5%8F%94%E4%BC%A6%E3%80%8A%E8%BE%B9%E5%9F%8E%E6%9B%B2%E3%80%8B?dynasty=%E5%94%90: Expecting value: line 1 column 1 (char 0),,唐宋文学编年地图（古籍文献知识图谱网）,,https://open.cnkgraph.com/Home/OpenResources,,,,760.5,inferred_lifespan_cluster,lifespan,732,789,760.5,0,低,未定年作品按作者生卒年中点对称展开。
P069,李益,从军有苦乐行,从军有苦乐行,隐逸怀古类,P007,唐,,,,未知,undated,unknown,开放知识图谱,,,,auto_only,,低,未匹配,endpoint_error,API request failed: https://open.cnkgraph.com/api/Biography/Poems/%E6%9D%8E%E7%9B%8A%E3%80%8A%E4%BB%8E%E5%86%9B%E6%9C%89%E8%8B%A6%E4%B9%90%E8%A1%8C%E3%80%8B?dynasty=%E5%94%90: Expecting value: line 1 column 1 (char 0),,唐宋文学编年地图（古籍文献知识图谱网）,,https://open.cnkgraph.com/Home/OpenResources,,,,787.5,duplicate_inherited,P007,748,827,787.5,0,低,继承主记录 P007 的展示坐标。
P070,李益,赴邠宁留别,赴邠宁留别,边塞报国类,,唐,788,788,788年,事件锚定,exact,event_anchor,诗人生平考辨,卞孝萱《李益年谱稿》,https://www.newsmth.net/bbsanc.php?path=%2Fgroups%2Fliteral.faq%2FClassicPoem%2Fcp_list_sych%2Fscyj%2F20sjstwdwxyjzs%2FM.1138165318.80,诗题为赴邠宁留别；生平考辨材料记李益于贞元四年（788）入邠宁张献甫幕，题目与事件相合。,needs_review,属于事件锚定推断而非直接编年条目；须核对年谱原文及是否存在另一次赴邠宁。,低,人工复核且有系年,endpoint_error,API request failed: https://open.cnkgraph.com/api/Biography/Poems/%E6%9D%8E%E7%9B%8A%E3%80%8A%E8%B5%B4%E9%82%A0%E5%AE%81%E7%95%99%E5%88%AB%E3%80%8B?dynasty=%E5%94%90: Expecting value: line 1 column 1 (char 0),,唐宋文学编年地图（古籍文献知识图谱网）,,https://open.cnkgraph.com/Home/OpenResources,,,,788,observed_exact,date_exact,788,788,788,0,低,采用作品级单年系年。
P071,杨凝,春情,春情,隐逸怀古类,,唐,,,,未知,undated,unknown,开放知识图谱,,,,auto_only,,低,未匹配,endpoint_error,API request failed: https://open.cnkgraph.com/api/Biography/Poems/%E6%9D%A8%E5%87%9D%E3%80%8A%E6%98%A5%E6%83%85%E3%80%8B?dynasty=%E5%94%90: Expecting value: line 1 column 1 (char 0),,唐宋文学编年地图（古籍文献知识图谱网）,,https://open.cnkgraph.com/Home/OpenResources,,,,,unavailable,,,,,,,
P072,权德舆,薄命篇,薄命篇,隐逸怀古类,,唐,,,,未知,undated,unknown,开放知识图谱,,,,auto_only,,低,未匹配,endpoint_error,API request failed: https://open.cnkgraph.com/api/Biography/Poems/%E6%9D%83%E5%BE%B7%E8%88%86%E3%80%8A%E8%96%84%E5%91%BD%E7%AF%87%E3%80%8B?dynasty=%E5%94%90: Expecting value: line 1 column 1 (char 0),,唐宋文学编年地图（古籍文献知识图谱网）,,https://open.cnkgraph.com/Home/OpenResources,,,,795.5,inferred_activity_cluster,activity_period,774,817,795.5,0,中,未定年作品按作者活动期中点对称展开。
P073,刘禹锡,和董庶中古散调词赠尹果毅,和董庶中古散调词赠尹果毅,隐逸怀古类,,唐,811,811,811年,单年系年,exact,chronological_edition,开放知识图谱,,,,auto_only,,中,已匹配且有系年,matched,,0.688,唐宋文学编年地图（古籍文献知识图谱网）,卞孝萱《刘禹锡年谱》，中华书局1966年版，第58页,https://open.cnkgraph.com/Writing/17535,class='label1' id='77556e8595d54204a103536c3648a61d_label'> — 811年 ，40岁 811年 在朗州司马任。与董侹诗文唱和。作品：《和董庶中古散调词赠尹果毅》 （卞孝萱校订《刘禹锡集》卷23第292页，中华书局1990年版。） 出处：卞孝萱《刘禹锡年谱》，中华书局1966年版，第58页 <div,,刘禹锡《和董庶中古散调词赠尹果毅》,811,observed_exact,date_exact,811,811,811,0,中,采用作品级单年系年。
P074,刘禹锡,百舌吟,百舌吟,侠义抒怀类,,唐,814,814,814年,单年系年,exact,chronological_edition,开放知识图谱,,,,auto_only,,中,已匹配且有系年,matched,,0.674,唐宋文学编年地图（古籍文献知识图谱网）,卞孝萱《刘禹锡年谱》，中华书局1966年版，第79页,https://open.cnkgraph.com/Writing/17500,class='label1' id='1a13a89dd81d4bf7bded1b8c785c65e9_label'> — 814年 ，43岁 814年 在朗州司马任。作诗。作品：《百舌吟》 （卞孝萱校订《刘禹锡集》卷21第267页，中华书局1990年版。） 出处：卞孝萱《刘禹锡年谱》，中华书局1966年版，第79页 <div,,刘禹锡《百舌吟》,814,observed_exact,date_exact,814,814,814,0,中,采用作品级单年系年。
P075,刘禹锡,酬太原狄尚书见寄,酬太原狄尚书见寄,侠义抒怀类,,唐,838,838,838年,单年系年,exact,chronological_edition,开放知识图谱,,,,auto_only,,中,已匹配且有系年,matched,,0.688,唐宋文学编年地图（古籍文献知识图谱网）,卞孝萱《刘禹锡年谱》，中华书局1966年版，第219页,https://open.cnkgraph.com/Writing/17627,class='label1' id='96d483ca45fe4102a623aa006c5a6561_label'> — 838年 ，67岁 838年 仍为太子宾客，分司东都。十二月后，与河东节度使狄兼谟诗歌唱和。作品：《酬太原狄尚书见寄》 （卞孝萱校订《刘禹锡集》卷36第542页，中华书局1990年版。） 出处：卞孝萱《刘禹锡年谱》，中华书局1966年版，第219页 <div,,刘禹锡《酬太原狄尚书见寄》,838,observed_exact,date_exact,838,838,838,0,中,采用作品级单年系年。
P076,孟郊,游侠行,游侠行,侠义抒怀类,P019,唐,,,,未知,undated,unknown,开放知识图谱,,,,auto_only,,低,未匹配,endpoint_error,API request failed: https://open.cnkgraph.com/api/Biography/Poems/%E5%AD%9F%E9%83%8A%E3%80%8A%E6%B8%B8%E4%BE%A0%E8%A1%8C%E3%80%8B?dynasty=%E5%94%90: Expecting value: line 1 column 1 (char 0),,唐宋文学编年地图（古籍文献知识图谱网）,,https://open.cnkgraph.com/Home/OpenResources,,,,796.5,duplicate_inherited,P019,779,814,796.5,0,中,继承主记录 P019 的展示坐标。
P077,李贺,马诗二十三首 十三,马诗二十三首,市井任侠类,,唐,814,814,814年,单年系年,exact,chronological_edition,开放知识图谱,,,,auto_only,,低,已匹配且有系年,matched,,0.628,唐宋文学编年地图（古籍文献知识图谱网）,吴企明《李长吉歌诗编年笺注》第617页,https://open.cnkgraph.com/Writing/27707,首。马诗二十三首。马诗二十三首。马诗二十三首。马诗二十三首。 出处：吴企明《李长吉歌诗编年笺注》第617页 马诗二十三首 其一 （814年） 中唐 · 李贺 龙脊贴连钱， 银蹄 白踏烟。 无人织锦韂，谁为铸金鞭。 评注 （点击查看或隐藏评注） 其二 （814年） 腊月草根甜，天街雪似盐。 未知口硬软，先拟蒺藜衔。 其三 （814年） 引用典故： 赤骥 忽忆周天子，驱车上玉山。 鸣驺辞 凤苑 ， 赤骥 最承恩。 其四 （814年） 此马非凡马， 房星 本是星 （一作精） 。 向前敲瘦骨，犹自带 铜声 。 评注 （点击查看或隐藏评注） 其五 （814年） 大漠沙 （一作山） 如雪， 燕山 月似钩。 何当金 络脑 ，快走踏清秋。 评注 （点击查看或隐藏评注） 其六 （814年） 饥卧骨 查牙 ， 粗毛 刺破花。 鬣焦朱色落，发断锯长麻。 其七 （814年） 引用典故： 西母 西母 酒将阑， 东王 饭已乾。 君王若燕去，谁为拽车辕。 其八 （814年） 引用典故： 赤兔 果下马 赤兔 无人用，当须吕布骑。 吾闻 果下马 ，羁策任蛮儿。 其九 （814年） 引用典故： 飂叔 飂叔 去 （一作死） 匆匆，如今不豢龙。 夜来霜压栈，骏骨折西风。 评注 （点击查看或隐藏评注） 其十 （814年） 引用典故： 神骓 催榜渡乌江 （一作江东） ， 神骓 泣向风。 君王今解剑，何处逐英雄。 评注 （点击查看或隐藏评注） 其十一 （814年） 引用典故： 盐坂 内马赐宫人，银鞯刺骐驎。 午时 盐坂 上，蹭蹬溘风尘。 其十二 （814年） 批竹初攒耳，桃花未上身。 他时须 搅阵 ，牵去借将军。 <div,,李贺《马诗二十三首 十三》,814,observed_exact,date_exact,814,814,814,0,低,采用作品级单年系年。
P078,元稹,乐府古题序 侠客行,乐府古题序 侠客行,边塞报国类,P021,唐,,,,未知,undated,unknown,开放知识图谱,,,,auto_only,,低,未匹配,endpoint_error,API request failed: https://open.cnkgraph.com/api/Biography/Poems/%E5%85%83%E7%A8%B9%E3%80%8A%E4%BE%A0%E5%AE%A2%E8%A1%8C%E3%80%8B?dynasty=%E5%94%90: Expecting value: line 1 column 1 (char 0),,唐宋文学编年地图（古籍文献知识图谱网）,,https://open.cnkgraph.com/Home/OpenResources,,,,812.5,duplicate_inherited,P021,794,831,812.5,0,中,继承主记录 P021 的展示坐标。
P079,崔涯,侠士诗,侠士诗,侠义抒怀类,,唐,,,,未知,undated,unknown,开放知识图谱,,,,auto_only,,低,未匹配,endpoint_error,API request failed: https://open.cnkgraph.com/api/Biography/Poems/%E5%B4%94%E6%B6%AF%E3%80%8A%E4%BE%A0%E5%A3%AB%E8%AF%97%E3%80%8B?dynasty=%E5%94%90: Expecting value: line 1 column 1 (char 0),,唐宋文学编年地图（古籍文献知识图谱网）,,https://open.cnkgraph.com/Home/OpenResources,,,,,unavailable,,,,,,,
P080,雍陶,少年行,少年行,侠义抒怀类,,唐,,,,未知,undated,unknown,开放知识图谱,,,,auto_only,,低,未匹配,endpoint_error,API request failed: https://open.cnkgraph.com/api/Biography/Poems/%E9%9B%8D%E9%99%B6%E3%80%8A%E5%B0%91%E5%B9%B4%E8%A1%8C%E3%80%8B?dynasty=%E5%94%90: Expecting value: line 1 column 1 (char 0),,唐宋文学编年地图（古籍文献知识图谱网）,,https://open.cnkgraph.com/Home/OpenResources,,,,839.5,inferred_activity_cluster,activity_period,820,859,839.5,0,中,未定年作品按作者活动期中点对称展开。
P081,许浑,晨装,晨装,隐逸怀古类,,唐,,,,未知,undated,unknown,开放知识图谱,,,,auto_only,,低,未匹配,endpoint_error,API request failed: https://open.cnkgraph.com/api/Biography/Poems/%E8%AE%B8%E6%B5%91%E3%80%8A%E6%99%A8%E8%A3%85%E3%80%8B?dynasty=%E5%94%90: Expecting value: line 1 column 1 (char 0),,唐宋文学编年地图（古籍文献知识图谱网）,,https://open.cnkgraph.com/Home/OpenResources,,,,832,inferred_activity_cluster,activity_period,806,858,832,0,中,未定年作品按作者活动期中点对称展开。
P082,李商隐,偶成转韵七十二句赠四同舍,偶成转韵七十二句赠四同舍,侠义抒怀类,,唐,849,849,849年,单年系年,exact,chronological_edition,开放知识图谱,,,,auto_only,,中,已匹配且有系年,matched,,0.698,唐宋文学编年地图（古籍文献知识图谱网）,《李商隐年表》，见刘学锴，余恕诚著《李商隐诗歌集解》北京：中华书局1988年，第2078页，第979页,https://open.cnkgraph.com/Writing/29129,class='label1' id='677da5821f8f4650a762149890798eb1_label'> — 849年 ，38岁 849年 在徐州幕，有诗。作品：偶成转韵七十二句赠四同舍。 出处：《李商隐年表》，见刘学锴，余恕诚著《李商隐诗歌集解》北京：中华书局1988年，第2078页，第979页 <div,,李商隐《偶成转韵七十二句赠四同舍》,849,observed_exact,date_exact,849,849,849,0,中,采用作品级单年系年。
P083,薛逢,侠少年,侠少年,侠义抒怀类,,唐,,,,未知,undated,unknown,开放知识图谱,,,,auto_only,,低,未匹配,endpoint_error,API request failed: https://open.cnkgraph.com/api/Biography/Poems/%E8%96%9B%E9%80%A2%E3%80%8A%E4%BE%A0%E5%B0%91%E5%B9%B4%E3%80%8B?dynasty=%E5%94%90: Expecting value: line 1 column 1 (char 0),,唐宋文学编年地图（古籍文献知识图谱网）,,https://open.cnkgraph.com/Home/OpenResources,,,,,unavailable,,,,,,,
P084,马戴,赠别北客,赠别北客,隐逸怀古类,,唐,,,,未知,undated,unknown,诗人作品目录,https://www.shigeku.com/shiku/gs/madai.htm,,公开马戴作品目录收录《赠别北客》，但未提供作年或可定位的事件人物。,needs_review,待查马戴生平年表、交游人物与晚唐诗人别集整理。,低,未匹配,endpoint_error,API request failed: https://open.cnkgraph.com/api/Biography/Poems/%E9%A9%AC%E6%88%B4%E3%80%8A%E8%B5%A0%E5%88%AB%E5%8C%97%E5%AE%A2%E3%80%8B?dynasty=%E5%94%90: Expecting value: line 1 column 1 (char 0),,唐宋文学编年地图（古籍文献知识图谱网）,,https://open.cnkgraph.com/Home/OpenResources,,,,822.333333,inferred_lifespan_cluster,lifespan,799,869,834,-11.666667,低,未定年作品按作者生卒年中点对称展开。
P085,马戴,广陵曲,广陵曲,隐逸怀古类,,唐,,,,未知,undated,unknown,诗人作品目录,https://www.shigeku.com/shiku/gs/madai.htm,,公开马戴作品目录收录《广陵曲》，但未提供具体作年。,needs_review,题目可能只指乐府旧题，不能由广陵地名直接推定行迹年份。,低,未匹配,endpoint_error,API request failed: https://open.cnkgraph.com/api/Biography/Poems/%E9%A9%AC%E6%88%B4%E3%80%8A%E5%B9%BF%E9%99%B5%E6%9B%B2%E3%80%8B?dynasty=%E5%94%90: Expecting value: line 1 column 1 (char 0),,唐宋文学编年地图（古籍文献知识图谱网）,,https://open.cnkgraph.com/Home/OpenResources,,,,845.666667,inferred_lifespan_cluster,lifespan,799,869,834,11.666667,低,未定年作品按作者生卒年中点对称展开。
P086,温庭筠,侠客行,侠客行,侠义抒怀类,,唐,,,,未知,undated,unknown,开放知识图谱,,,,auto_only,,低,未匹配,endpoint_error,API request failed: https://open.cnkgraph.com/api/Biography/Poems/%E6%B8%A9%E5%BA%AD%E7%AD%A0%E3%80%8A%E4%BE%A0%E5%AE%A2%E8%A1%8C%E3%80%8B?dynasty=%E5%94%90: Expecting value: line 1 column 1 (char 0),,唐宋文学编年地图（古籍文献知识图谱网）,,https://open.cnkgraph.com/Home/OpenResources,,,,847,inferred_activity_cluster,activity_period,828,866,847,0,中,未定年作品按作者活动期中点对称展开。
P087,霍总,骢马,骢马,豪侠交游类,,唐,,,,未知,undated,unknown,开放知识图谱,,,,auto_only,,低,未匹配,endpoint_error,API request failed: https://open.cnkgraph.com/api/Biography/Poems/%E9%9C%8D%E6%80%BB%E3%80%8A%E9%AA%A2%E9%A9%AC%E3%80%8B?dynasty=%E5%94%90: Expecting value: line 1 column 1 (char 0),,唐宋文学编年地图（古籍文献知识图谱网）,,https://open.cnkgraph.com/Home/OpenResources,,,,,unavailable,,,,,,,
P088,司空图,冯燕歌,冯燕歌,隐逸怀古类,,唐,,,,未知,undated,unknown,开放知识图谱,,,,auto_only,,低,未匹配,endpoint_error,API request failed: https://open.cnkgraph.com/api/Biography/Poems/%E5%8F%B8%E7%A9%BA%E5%9B%BE%E3%80%8A%E5%86%AF%E7%87%95%E6%AD%8C%E3%80%8B?dynasty=%E5%94%90: Expecting value: line 1 column 1 (char 0),,唐宋文学编年地图（古籍文献知识图谱网）,,https://open.cnkgraph.com/Home/OpenResources,,,,886,inferred_activity_cluster,activity_period,865,907,886,0,中,未定年作品按作者活动期中点对称展开。
P089,李山甫,游侠儿,游侠儿,侠义抒怀类,,唐,,,,未知,undated,unknown,开放知识图谱,,,,auto_only,,低,未匹配,endpoint_error,API request failed: https://open.cnkgraph.com/api/Biography/Poems/%E6%9D%8E%E5%B1%B1%E7%94%AB%E3%80%8A%E6%B8%B8%E4%BE%A0%E5%84%BF%E3%80%8B?dynasty=%E5%94%90: Expecting value: line 1 column 1 (char 0),,唐宋文学编年地图（古籍文献知识图谱网）,,https://open.cnkgraph.com/Home/OpenResources,,,,,unavailable,,,,,,,
P090,崔涂,东晋 一,东晋,侠义抒怀类,,唐,,,,未知,undated,unknown,开放知识图谱,,,,auto_only,,低,未匹配,endpoint_error,API request failed: https://open.cnkgraph.com/api/Biography/Poems/%E5%B4%94%E6%B6%82%E3%80%8A%E4%B8%9C%E6%99%8B%E3%80%8B?dynasty=%E5%94%90: Expecting value: line 1 column 1 (char 0),,唐宋文学编年地图（古籍文献知识图谱网）,,https://open.cnkgraph.com/Home/OpenResources,,,,,unavailable,,,,,,,
P091,韩偓,赠湖南李思齐处士,赠湖南李思齐处士,侠义抒怀类,,唐,904,904,904年三月,单年系年,exact,chronological_edition,开放知识图谱,,,,auto_only,,中,已匹配且有系年,matched,,0.741,唐宋文学编年地图（古籍文献知识图谱网）,吴在庆《韩偓生平诗文系年简谱（上）》，载《广东技术师范学院学报》2013年第1期第70页,https://open.cnkgraph.com/Writing/49253,class='label1' id='05a71bc422ac43bb87325e815011f01b_label'> — 904年 ，63岁 904年三月 韩偓与道士、处士交接，颇痴迷于求仙学道之事，作诗。作品：《赠湖南李思齐处士》 出处：吴在庆《韩偓生平诗文系年简谱（上）》，载《广东技术师范学院学报》2013年第1期第70页 <div,,韩偓《赠湖南李思齐处士》,904,observed_exact,date_exact,904,904,904,0,中,采用作品级单年系年。
P092,吴融,偶题,偶题,侠义抒怀类,,唐,,,,未知,undated,unknown,开放知识图谱,,,,auto_only,,低,未匹配,ambiguous_match,候选作品最高匹配分数为 0.063。,0.063,唐宋文学编年地图（古籍文献知识图谱网）,,https://open.cnkgraph.com/Home/OpenResources,,,吴融《偶题》,885.5,inferred_activity_cluster,activity_period,869,902,885.5,0,中,未定年作品按作者活动期中点对称展开。
P093,郑鏦,邯郸侠少年,邯郸侠少年,侠义抒怀类,,唐,,,,未知,undated,unknown,开放知识图谱,,,,auto_only,,低,未匹配,endpoint_error,API request failed: https://open.cnkgraph.com/api/Biography/Poems/%E9%83%91%E9%8F%A6%E3%80%8A%E9%82%AF%E9%83%B8%E4%BE%A0%E5%B0%91%E5%B9%B4%E3%80%8B?dynasty=%E5%94%90: Expecting value: line 1 column 1 (char 0),,唐宋文学编年地图（古籍文献知识图谱网）,,https://open.cnkgraph.com/Home/OpenResources,,,,,unavailable,,,,,,,
P094,戴休珽,古意,古意,边塞报国类,,唐,,,,未知,undated,unknown,开放知识图谱,,,,auto_only,,低,未匹配,endpoint_error,API request failed: https://open.cnkgraph.com/api/Biography/Poems/%E6%88%B4%E4%BC%91%E7%8F%BD%E3%80%8A%E5%8F%A4%E6%84%8F%E3%80%8B?dynasty=%E5%94%90: Expecting value: line 1 column 1 (char 0),,唐宋文学编年地图（古籍文献知识图谱网）,,https://open.cnkgraph.com/Home/OpenResources,,,,,unavailable,,,,,,,
P095,冯待征,虞姬怨,虞姬怨,隐逸怀古类,,唐,,,,未知,undated,unknown,开放知识图谱,,,,auto_only,,低,未匹配,endpoint_error,API request failed: https://open.cnkgraph.com/api/Biography/Poems/%E5%86%AF%E5%BE%85%E5%BE%81%E3%80%8A%E8%99%9E%E5%A7%AC%E6%80%A8%E3%80%8B?dynasty=%E5%94%90: Expecting value: line 1 column 1 (char 0),,唐宋文学编年地图（古籍文献知识图谱网）,,https://open.cnkgraph.com/Home/OpenResources,,,,,unavailable,,,,,,,
P096,寒山,诗三百三首 五十四,诗三百三首 五十四,豪侠交游类,,待核,,,,未知,undated,unknown,开放知识图谱,,,,auto_only,,低,未匹配,endpoint_error,API request failed: https://open.cnkgraph.com/api/Biography/Poems/%E5%AF%92%E5%B1%B1%E3%80%8A%E8%AF%97%E4%B8%89%E7%99%BE%E4%B8%89%E9%A6%96%20%E4%BA%94%E5%8D%81%E5%9B%9B%E3%80%8B?dynasty=%E5%94%90: Expecting value: line 1 column 1 (char 0),,唐宋文学编年地图（古籍文献知识图谱网）,,https://open.cnkgraph.com/Home/OpenResources,,作者或作品年代边界较宽，单首作品通常难以精确系年。,,,unavailable,,,,,,,
P097,李行言,成（城）南宴（斯五五五）,成（城）南宴（斯五五五）,隐逸怀古类,,待核,,,,未知,undated,unknown,开放知识图谱,,,,auto_only,,低,未匹配,endpoint_error,API request failed: https://open.cnkgraph.com/api/Biography/Poems/%E6%9D%8E%E8%A1%8C%E8%A8%80%E3%80%8A%E6%88%90%EF%BC%88%E5%9F%8E%EF%BC%89%E5%8D%97%E5%AE%B4%EF%BC%88%E6%96%AF%E4%BA%94%E4%BA%94%E4%BA%94%EF%BC%89%E3%80%8B?dynasty=%E5%94%90: Expecting value: line 1 column 1 (char 0),,唐宋文学编年地图（古籍文献知识图谱网）,,https://open.cnkgraph.com/Home/OpenResources,,作者或作品年代边界较宽，单首作品通常难以精确系年。,,,unavailable,,,,,,,
P098,范质,诫儿姪八百字,诫儿姪八百字,侠义抒怀类,,非唐,,,,未知,undated,unknown,开放知识图谱,,,,auto_only,,低,未匹配,endpoint_error,API request failed: https://open.cnkgraph.com/api/Biography/Poems/%E8%8C%83%E8%B4%A8%E3%80%8A%E8%AF%AB%E5%84%BF%E5%A7%AA%E5%85%AB%E7%99%BE%E5%AD%97%E3%80%8B?dynasty=%E5%94%90: Expecting value: line 1 column 1 (char 0),,唐宋文学编年地图（古籍文献知识图谱网）,,https://open.cnkgraph.com/Home/OpenResources,,作者为五代后周至北宋人物；不应直接计入唐诗时间轴。,,,unavailable,,,,,,,
P099,道世,颂六十二首 二十六,颂六十二首 二十六,豪侠交游类,,唐,,,,未知,undated,unknown,开放知识图谱,,,,auto_only,,低,未匹配,endpoint_error,API request failed: https://open.cnkgraph.com/api/Biography/Poems/%E9%81%93%E4%B8%96%E3%80%8A%E9%A2%82%E5%85%AD%E5%8D%81%E4%BA%8C%E9%A6%96%20%E4%BA%8C%E5%8D%81%E5%85%AD%E3%80%8B?dynasty=%E5%94%90: Expecting value: line 1 column 1 (char 0),,唐宋文学编年地图（古籍文献知识图谱网）,,https://open.cnkgraph.com/Home/OpenResources,,,,639.5,inferred_lifespan_cluster,lifespan,596,683,639.5,0,低,未定年作品按作者生卒年中点对称展开。
P100,李峤,筝,筝,豪侠交游类,,待剔除,,,,未知,undated,unknown,开放知识图谱,,,,auto_only,,低,未匹配,endpoint_error,API request failed: https://open.cnkgraph.com/api/Biography/Poems/%E6%9D%8E%E5%B3%A4%E3%80%8A%E7%AD%9D%E3%80%8B?dynasty=%E5%94%90: Expecting value: line 1 column 1 (char 0),,唐宋文学编年地图（古籍文献知识图谱网）,,https://open.cnkgraph.com/Home/OpenResources,,诗歌正文不含“侠”；疑因附带校勘说明中的《弹》条目误命中。,,,unavailable,,,,,,,
